<CATALOG>
<CD>
<NAME>Bassem Abi Haidar</NAME>
<MOBILE>79562722</MOBILE>
<HOME>06512500</HOME>
<PROFESSION>Doctor</PROFESSION>
</CD>
<CD>
<NAME>Majd Fares</NAME>
<MOBILE>81403121</MOBILE>
<HOME>06252577</HOME>
<PROFESSION>Engineer</PROFESSION>
</CD>
<CD>
<NAME>Karim Jaafar</NAME>
<MOBILE>73888999</MOBILE>
<HOME>01303399</HOME>
<PROFESSION>Businessman</PROFESSION>
</CD>
<CD>
<NAME>Nada Alloush</NAME>
<MOBILE>03278999</MOBILE>
<HOME>01727888</HOME>
<PROFESSION>Athlete</PROFESSION>
</CD>
</CATALOG>